Pate,pgaltone0@abc.net.au,Male
Rockwell,rloweth1@wp.com,Male
Leeland,ldullaghan2@com.com,Male
Krystalle,kmarcinkus3@adobe.com,Female
Iago,ihadenton4@hatena.ne.jp,Male
Isadora,ivernall5@canalblog.com,Female
Kanya,kscneider6@i2i.jp,Female
Harriette,hwicklin7@surveymonkey.com,Female
Harp,hbrigden8@vimeo.com,Male
Allsun,awestfalen9@opera.com,Female
Blithe,bwhitlawa@gravatar.com,Female
Todd,tburletonb@printfriendly.com,Male
Andi,arosgenc@army.mil,Female
Tad,ttrevenud@usda.gov,Male
Perry,pjahne@people.com.cn,Male
Corella,cwydf@cmu.edu,Female
Sophi,sjenckeng@theguardian.com,Female
Debby,dmacmeartyh@parallels.com,Female
Flory,frowcliffei@creativecommons.org,Male
Kenna,kfairhurstj@scribd.com,Female
Robbie,rmcalindonk@nymag.com,Male
Ermengarde,edulieul@bloglines.com,Female
Ashlee,atrimem@dailymotion.com,Female
Ruperta,rlakeyn@flickr.com,Female
Winny,wculshawo@twitpic.com,Male
Gabriellia,ghallowesp@arizona.edu,Female
Gauthier,gmortonq@youtube.com,Male
Winifred,wfeiferr@elpais.com,Female
Tad,tdefreitass@virginia.edu,Male
Isaiah,igiacominit@prlog.org,Male
Yalonda,yodgersu@cdc.gov,Female
Eustace,edudgeonv@woothemes.com,Male
Honoria,hknotonw@npr.org,Female
Crista,ccarinex@hhs.gov,Female
Wilmer,waldhousey@yahoo.co.jp,Male
Gusta,gandrenz@google.com,Female
Harald,hmuccino10@prweb.com,Male
Crystal,cobyrne11@yandex.ru,Female
Randee,rsayburn12@flavors.me,Polygender
Lynnelle,lmanklow13@umich.edu,Female
Wilmar,wjankovsky14@toplist.cz,Genderqueer
Dane,dsnaddon15@topsy.com,Male
Hyman,hsollam16@usnews.com,Male
Kit,kbeddoe17@bigcartel.com,Female
Foster,fpride18@illinois.edu,Male
Nilson,nlintall19@aboutads.info,Male
Parry,pvanderkrui1a@edublogs.org,Male
Richardo,rharteley1b@bloglovin.com,Male
Mayor,msturton1c@webnode.com,Male
Wolf,whynam1d@hibu.com,Male
Harwell,hengland1e@cbslocal.com,Male
Charlena,csone1f@hc360.com,Female
Concordia,cdallicoat1g@tripod.com,Female
Nevsa,nwines1h@ehow.com,Female
Agnella,ablacklawe1i@yale.edu,Agender
Alane,aescolme1j@noaa.gov,Agender
Lorelle,lsimionato1k@archive.org,Non-binary
Coretta,cprangle1l@mtv.com,Female
Nert,ndominelli1m@smugmug.com,Female
Malva,melie1n@gizmodo.com,Female
Letizia,lmcomish1o@xing.com,Female
Orlando,ocorran1p@businessweek.com,Male
Lory,lcarriage1q@adobe.com,Genderfluid
Eugine,esloan1r@hatena.ne.jp,Female
Johnathon,jpyne1s@thetimes.co.uk,Male
Dorotea,dbadger1t@reddit.com,Female
Allyn,adeneve1u@printfriendly.com,Male
Maddalena,mdrake1v@webeden.co.uk,Female
Elaine,ehelmke1w@t-online.de,Female
Leslie,lgodding1x@mozilla.org,Female
Dredi,dobray1y@pen.io,Female
Margaretta,mhayhoe1z@amazon.com,Female
Marna,mbreeds20@skype.com,Female
Ira,iandryunin21@over-blog.com,Agender
Aggie,abutts22@google.com,Female
Roth,rhorsefield23@nbcnews.com,Male
Pearce,pwybourne24@census.gov,Male
Prince,past25@examiner.com,Male
Pam,pborthe26@w3.org,Female
Tomasine,tvideler27@friendfeed.com,Female
Bunny,bbladesmith28@cbslocal.com,Female
Tades,tbazely29@freewebs.com,Male
Dinnie,dduckitt2a@chronoengine.com,Female
Onfre,ogavahan2b@seesaa.net,Male
Darbee,dfairburne2c@hugedomains.com,Male
Coletta,caucott2d@mapy.cz,Genderqueer
Buddie,bhove2e@zdnet.com,Male
Nan,nbotton2f@senate.gov,Female
Kris,knel2g@psu.edu,Female
Christoforo,cgadault2h@dmoz.org,Male
Tamas,tkaasman2i@hc360.com,Male
Susan,sdripps2j@harvard.edu,Female
Berta,bsedgemond2k@apple.com,Female
Rickie,rmenco2l@google.fr,Female
Terra,tvoce2m@chron.com,Female
Mikel,metherson2n@marriott.com,Male
Katerine,kwilloughey2o@instagram.com,Female
Godfree,gbutlerbowdon2p@fc2.com,Male
Lawton,lbtham2q@merriam-webster.com,Male
Tonnie,ttidridge2r@oracle.com,Male
Brandais,bolyhane2s@booking.com,Female
Susy,srolance2t@free.fr,Female
Cammie,cmatic2u@rambler.ru,Female
Caril,cbeamiss2v@icio.us,Female
Hiram,hkitto2w@guardian.co.uk,Male
Charity,cmawson2x@gnu.org,Female
Mack,msewall2y@w3.org,Male
Conney,cburnsall2z@wp.com,Male
Georgina,grickaert30@opensource.org,Female
Arnoldo,amullord31@pcworld.com,Male
Edi,egavrieli32@lulu.com,Female
Vanny,vredolfi33@usda.gov,Female
Brenda,bduncan34@xinhuanet.com,Female
Brady,bglandfield35@hao123.com,Male
Rochester,rhebbard36@typepad.com,Male
Gasper,glammiman37@theatlantic.com,Male
Tarah,tmicklem38@fc2.com,Female
Bogart,bbusain39@businesswire.com,Male
Homere,hathridge3a@cbslocal.com,Genderqueer
Rodina,rvalti3b@youtu.be,Female
Doroteya,dolennikov3c@google.co.uk,Genderqueer
Rebeka,rridding3d@mozilla.org,Female
Christian,cbarnett3e@tuttocitta.it,Female
Stanleigh,sduggan3f@aol.com,Male
Gino,gmillington3g@bbc.co.uk,Male
Loise,lscurrell3h@over-blog.com,Female
Fidelio,fingry3i@nymag.com,Male
Briana,bdefilippo3j@mozilla.org,Female
Torrence,taindrais3k@wsj.com,Male
Prentice,pmartonfi3l@google.ca,Male
Gerik,giiannoni3m@bbc.co.uk,Male
Inesita,idoyland3n@smh.com.au,Female
Bernardine,bedis3o@g.co,Female
Nobie,nelders3p@jalbum.net,Male
Carlin,cvolage3q@ameblo.jp,Male
Sylas,splante3r@bloglovin.com,Male
Willetta,wchalke3s@fastcompany.com,Female
Giralda,gasker3t@360.cn,Female
Brose,bicom3u@google.pl,Male
Anallise,astonestreet3v@reference.com,Female
Audrie,apetren3w@taobao.com,Genderfluid
Willie,wpentycross3x@exblog.jp,Male
Elayne,ecarette3y@technorati.com,Female
Blanca,btarquinio3z@wsj.com,Female
Quintin,qscimone40@indiatimes.com,Male
Ban,bfewkes41@walmart.com,Male
Devlin,dwybourne42@cbsnews.com,Bigender
Florrie,fharnes43@desdev.cn,Female
Sally,sjolin44@comsenz.com,Female
Allison,achastelain45@cmu.edu,Female
Irita,ichaddock46@forbes.com,Female
Viola,vurch47@chronoengine.com,Female
Filbert,fmiskimmon48@google.co.uk,Male
Dugald,dklimochkin49@unc.edu,Male
Kimberlee,kmaillard4a@php.net,Female
Dyan,dshale4b@photobucket.com,Female
Artur,aaguirre4c@hc360.com,Male
Kit,kbeadnell4d@artisteer.com,Female
Bourke,baudritt4e@geocities.com,Male
Loren,ljumonet4f@tumblr.com,Male
Domingo,dperritt4g@ameblo.jp,Male
Kiley,ksitlington4h@umn.edu,Female
Larry,lpes4i@360.cn,Male
Minnnie,mjuliff4j@nasa.gov,Female
Mikaela,mphillot4k@home.pl,Genderfluid
Tomas,tbridle4l@indiatimes.com,Male
Lisha,lleynham4m@issuu.com,Female
Karlis,ksposito4n@istockphoto.com,Male
Jillene,jwhitnell4o@cafepress.com,Female
Erda,eianitti4p@usda.gov,Female
Halsey,hbjorkan4q@dagondesign.com,Male
Debra,dpughe4r@netvibes.com,Female
Kamilah,kpetican4s@globo.com,Female
Dag,dhegerty4t@weather.com,Male
Luci,lpratton4u@bluehost.com,Female
Brien,babriani4v@elegantthemes.com,Male
Burr,bdisdel4w@prnewswire.com,Male
Elianora,equilligan4x@twitpic.com,Female
Micky,mdumbrell4y@bbb.org,Male
Bink,bspencer4z@acquirethisname.com,Bigender
Samuel,sspurr50@bloglines.com,Male
Hunfredo,hdobrowski51@eventbrite.com,Male
Christean,cdoghartie52@about.me,Female
Trefor,tpomfrett53@gnu.org,Male
Claus,cbygrove54@ebay.co.uk,Genderqueer
Simmonds,sspooner55@tinypic.com,Male
Iseabal,itorrie56@com.com,Female
Kris,kspoor57@europa.eu,Female
Hewitt,hmarlow58@trellian.com,Male
Elspeth,eminucci59@facebook.com,Female
Bonni,bogles5a@xrea.com,Genderqueer
Luciano,lhenkmann5b@gov.uk,Male
Graeme,ganderl5c@amazon.com,Male
Dulci,ddudmarsh5d@pen.io,Female
Michelle,mvernazza5e@senate.gov,Genderqueer
Nicola,ngoering5f@forbes.com,Male
Dreddy,dnortham5g@merriam-webster.com,Female
Jasun,jstolz5h@sciencedirect.com,Male
Gabbi,gstichel5i@slashdot.org,Female
Kin,kraft5j@rediff.com,Male
Otis,oabbiss5k@1und1.de,Male
Vivienne,vclassen5l@weebly.com,Female
Stephana,swynrahame5m@about.com,Female
Dinah,dfoakes5n@webmd.com,Female
Goober,gsplain5o@mayoclinic.com,Male
Padraig,phorche5p@netlog.com,Male
Lindi,lmalkie5q@mapy.cz,Non-binary
Marjy,mhaughton5r@squidoo.com,Female
Kamillah,kbasford5s@archive.org,Female
Arnuad,afollet5t@exblog.jp,Male
Cristen,carmor5u@networkadvertising.org,Female
Anjanette,atreadgold5v@etsy.com,Female
Conan,clowthorpe5w@goodreads.com,Male
Jenn,jnoweak5x@microsoft.com,Agender
Sukey,skibbey5y@ucoz.com,Female
Dud,dcanacott5z@businessweek.com,Male
Bel,btunsley60@i2i.jp,Genderqueer
Bradford,bduffield61@w3.org,Male
Justus,jpogson62@newsvine.com,Polygender
Mordecai,mbyrcher63@google.co.uk,Male
Wat,wfarfolomeev64@businessinsider.com,Male
Carolyne,cbenini65@aboutads.info,Female
Crystie,cvasse66@unc.edu,Female
Jamill,jtolomelli67@topsy.com,Male
Waldemar,wmacelroy68@ucsd.edu,Male
Aldous,apucker69@skyrock.com,Male
Patrice,pflageul6a@washingtonpost.com,Female
Tristam,tansteys6b@w3.org,Male
Milicent,marchdeckne6c@dailymail.co.uk,Female
Sheelagh,slilion6d@twitpic.com,Female
Rochette,rmcfarland6e@blogtalkradio.com,Female
Irene,irobilart6f@tripadvisor.com,Female
Terese,tbonnett6g@blog.com,Female
Art,aharlock6h@kickstarter.com,Male
Gustie,glinnard6i@imgur.com,Female
Alastair,atichelaar6j@utexas.edu,Male
Carie,ccurley6k@time.com,Female
Kristal,kdumingos6l@indiatimes.com,Female
Gayel,gtrower6m@buzzfeed.com,Female
Lanie,laleveque6n@wikimedia.org,Male
Adoree,asnowling6o@nhs.uk,Female
Adora,abranca6p@rediff.com,Female
Janos,jpauley6q@ehow.com,Male
Lianna,lbambery6r@cpanel.net,Female
Gale,gbloore6s@omniture.com,Female
Caspar,cewdale6t@yale.edu,Genderqueer
Lyon,llanmeid6u@discuz.net,Male
Nolan,ngravells6v@princeton.edu,Non-binary
Georgi,ggrewe6w@tripadvisor.com,Male
Austina,aridges6x@technorati.com,Female
Laura,lathow6y@virginia.edu,Female
Rickard,rhambrook6z@hubpages.com,Male
Cary,cspraberry70@sfgate.com,Female
Cleo,chutson71@pbs.org,Female
Woodie,wtrayling72@sfgate.com,Male
Letti,lmitchely73@dailymotion.com,Female
Heinrick,hbirks74@utexas.edu,Male
Brena,bcompson75@cdbaby.com,Female
Alain,abriars76@last.fm,Male
Ives,itighe77@google.com.hk,Male
Aryn,abryett78@samsung.com,Female
Dionis,dalforde79@yellowpages.com,Female
Palm,pbellew7a@slate.com,Male
Elvin,esloyan7b@google.it,Non-binary
Sonni,smcdermid7c@bandcamp.com,Non-binary
Kimmy,ksleaford7d@sbwire.com,Female
Thoma,tsowter7e@utexas.edu,Male
Joannes,jelsmor7f@amazon.de,Genderqueer
Jessy,jspread7g@shinystat.com,Female
Levy,lbruniges7h@newyorker.com,Male
Rafaelia,rhinkens7i@dmoz.org,Female
Catarina,ctoun7j@upenn.edu,Female
Randall,rcannan7k@noaa.gov,Bigender
Artair,anasey7l@sourceforge.net,Male
Rodger,rdavidowich7m@sun.com,Male
Bill,bbuard7n@webmd.com,Female
Georgena,gsponer7o@wired.com,Female
Smitty,slage7p@usa.gov,Male
Madelina,mconnerly7q@ning.com,Female
Britt,bkarolewski7r@telegraph.co.uk,Male
Gunter,gheasly7s@virginia.edu,Male
Junette,jmcelrea7t@gmpg.org,Female
Norean,nkepp7u@blog.com,Female
Hillier,hfallawe7v@slashdot.org,Male
Feodor,fsavell7w@goo.ne.jp,Male
Korrie,kscola7x@g.co,Female
Dante,dflaxman7y@github.io,Male
Madelyn,mguilliland7z@newyorker.com,Female
Lucio,lmethley80@dion.ne.jp,Male
Diarmid,dtapsfield81@stumbleupon.com,Male
Thelma,tviggers82@biglobe.ne.jp,Female
Jasmin,jtytcomb83@oaic.gov.au,Female
Dannye,dbattelle84@themeforest.net,Female
Rebeka,rkenington85@mozilla.com,Female
Phil,pschirach86@mediafire.com,Female
Gus,gscritch87@eventbrite.com,Male
Travus,tlebel88@redcross.org,Bigender
Viviene,vduhig89@cam.ac.uk,Female
Ashley,aongin8a@multiply.com,Male
Janene,jtrenholm8b@infoseek.co.jp,Female
Daryl,dcogar8c@oracle.com,Female
Jackie,jsumner8d@guardian.co.uk,Female
Esme,esloam8e@virginia.edu,Genderfluid
Wilhelm,wbyatt8f@shop-pro.jp,Male
Brander,bballing8g@freewebs.com,Male
Mord,mdowbiggin8h@adobe.com,Male
Vance,vkubyszek8i@amazon.de,Male
Irwin,ikix8j@nih.gov,Agender
Hilary,hfireman8k@cloudflare.com,Female
Dallon,ddrane8l@unblog.fr,Male
Blinni,bbrosini8m@studiopress.com,Female
Giorgi,gkelley8n@berkeley.edu,Male
Stewart,sanslow8o@pen.io,Male
Rosa,rarangy8p@geocities.com,Female
Phillida,pfussie8q@ca.gov,Agender
Magdalene,moverall8r@blog.com,Female
Vincenz,vridulfo8s@ocn.ne.jp,Male
Gunter,garmistead8t@ibm.com,Male
Georgetta,gkeenan8u@delicious.com,Female
Briny,bnoe8v@etsy.com,Female
Gayle,glangfield8w@accuweather.com,Male
Dorine,dpetzold8x@arstechnica.com,Female
Jedediah,jkittiman8y@usnews.com,Male
Rudy,rbartram8z@gnu.org,Male
Kellyann,kcheeney90@forbes.com,Female
Kora,krylance91@bing.com,Female
Tobin,ttuison92@booking.com,Male
Gloria,gjardin93@geocities.jp,Female
Theodor,tbaudinot94@yelp.com,Male
Auroora,araynor95@dyndns.org,Female
Thaxter,tmelliard96@dailymotion.com,Male
Delaney,dpinshon97@noaa.gov,Male
Chico,cdurnall98@posterous.com,Male
Mavis,mbetun99@sun.com,Female
Gracie,gleroy9a@bloglovin.com,Female
Sophey,ssiddeley9b@globo.com,Female
Henderson,hizkovicz9c@angelfire.com,Male
Ruthi,rcandie9d@columbia.edu,Female
Jania,jhargreave9e@bloomberg.com,Female
Cordy,cdunley9f@usa.gov,Male
Heall,hrudolf9g@kickstarter.com,Male
Elora,elovejoy9h@va.gov,Female
Gothart,gwort9i@nba.com,Male
Emelita,etsarovic9j@hao123.com,Female
Cherry,cockenden9k@nature.com,Female
Genovera,gparamor9l@go.com,Female
Zed,zolyhane9m@umich.edu,Genderfluid
Dilly,ddenmead9n@clickbank.net,Agender
Zelma,zscudders9o@apple.com,Female
Kellsie,kserridge9p@about.me,Female
Kimberley,kgovier9q@narod.ru,Female
Dagmar,dstanbra9r@live.com,Female
Fritz,fmcgray9s@desdev.cn,Male
Joshia,jbarmby9t@shinystat.com,Male
Reube,rolenin9u@joomla.org,Male
Jon,jruane9v@google.com,Male
Ban,bmallord9w@icq.com,Male
Ritchie,rshakespear9x@storify.com,Male
Grover,gbromehead9y@printfriendly.com,Male
Willyt,wmaytom9z@topsy.com,Female
Reine,repinea0@odnoklassniki.ru,Female
Doy,dnewarda1@dedecms.com,Male
Cointon,ccaulketa2@unblog.fr,Non-binary
Carlina,cniala3@apache.org,Female
Zea,zelletta4@histats.com,Female
Crin,cfrapwella5@paginegialle.it,Female
Carol,cjanoucha6@hhs.gov,Female
Lemar,lkennedya7@army.mil,Non-binary
Mauricio,mstandringa8@hexun.com,Male
Roderic,rwhelptona9@lycos.com,Male
Goldie,gwitheropaa@mail.ru,Female
Margaux,mrickfordab@infoseek.co.jp,Female
Lowrance,lduranac@digg.com,Male
Demetris,dtomainoad@dagondesign.com,Male
Elysha,ecalladineae@is.gd,Female
Nevil,nwescottaf@geocities.jp,Male
Irvin,iwapplesag@sourceforge.net,Male
Jandy,joutibridgeah@t-online.de,Genderfluid
Abigail,aiacovelliai@liveinternet.ru,Female
Clarabelle,cdengateaj@senate.gov,Female
Shay,sjirekak@princeton.edu,Male
Bird,bsetteral@mtv.com,Female
Omar,obignallam@wired.com,Male
Agnes,agraviean@bizjournals.com,Female
Doro,dciobutaruao@furl.net,Female
Aksel,akeseyap@ihg.com,Male
Kippie,kbranniaq@ted.com,Female
Kameko,kslatcherar@businessweek.com,Genderfluid
Amabelle,awinsborrowas@blogs.com,Female
Derrick,dleckyat@cloudflare.com,Male
Teodoor,tlantaffau@blogger.com,Male
Levi,lcolcombav@scientificamerican.com,Male
Dwain,dkynderaw@netscape.com,Polygender
Zachary,zwilsherax@photobucket.com,Male
Glynn,gborrelay@jigsy.com,Male
Brendan,bpinnockaz@seattletimes.com,Male
Pepito,pnormanvillb0@etsy.com,Male
Rosita,rfettisb1@bing.com,Female
Pat,pthoumasb2@addtoany.com,Male
Nickola,nodoireidhb3@ca.gov,Male
Barton,bhutchisonb4@jugem.jp,Male
Cobby,cpulteneyeb5@posterous.com,Male
Teodora,tbugdaleb6@symantec.com,Female
Ebony,evoiceb7@uiuc.edu,Female
Ingaberg,iannwylb8@ycombinator.com,Female
Kevina,kparmbyb9@bigcartel.com,Female
Karoline,kgilstinba@wufoo.com,Female
Merell,mleicesterbb@cmu.edu,Male
Leola,lharrymanbc@mashable.com,Female
Marcy,mlinforthbd@liveinternet.ru,Female
Markus,mstruttmanbe@un.org,Male
Sibbie,sjarrettebf@disqus.com,Female
Phyllida,pdukesburybg@artisteer.com,Female
Mile,mgrimmertbh@sciencedaily.com,Male
Tish,thazemanbi@unesco.org,Non-binary
Joan,jbidgoodbj@seesaa.net,Female
Robinet,rwoodnuttbk@wikispaces.com,Male
Bradan,bcuruclisbl@apache.org,Male
Rebecca,rclellbm@weebly.com,Female
Wesley,wfranckebn@apache.org,Male
Brandea,bfetherstonbo@pbs.org,Female
Deina,dhutablebp@adobe.com,Bigender
Tan,tsmithambq@over-blog.com,Male
Stephi,smccandiebr@sbwire.com,Female
Laurence,lallflattbs@360.cn,Male
Serena,sevisonbt@nature.com,Female
Cinda,cbannellbu@xinhuanet.com,Genderqueer
Penelopa,pnottlebv@scientificamerican.com,Female
Vernor,vloadebw@soup.io,Male
Brendin,bmckimmeybx@apache.org,Male
Giffie,gaidlerby@senate.gov,Male
Devlen,dcraftsbz@goodreads.com,Male
Heloise,hchaytorc0@unblog.fr,Female
Eugenie,ekintzelc1@ow.ly,Female
Avie,asetchfieldc2@cmu.edu,Female
Florrie,fkidmanc3@ezinearticles.com,Female
Zerk,zhollowc4@altervista.org,Male
Irina,idoylendc5@nasa.gov,Female
Nowell,nfeaveryearc6@yahoo.com,Male
Monro,mdezuanic7@reverbnation.com,Male
Isa,ilemarquisc8@mozilla.org,Female
Tracee,twickersleyc9@mac.com,Female
Arte,agoldisca@free.fr,Male
Michal,mamycb@naver.com,Male
Jelene,jwinncc@disqus.com,Female
Lance,lpennycordcd@com.com,Male
Johann,jdinnisce@ameblo.jp,Male
Nell,nshilstoncf@51.la,Female
Justino,jglanderscg@miibeian.gov.cn,Male
Desdemona,dtorrich@woothemes.com,Bigender
Robinson,rdahillci@so-net.ne.jp,Male
Fae,fpreddycj@cpanel.net,Female
Rikki,rshearerck@aboutads.info,Male
Renae,rlowndescl@xing.com,Female
Shirlene,sstovecm@hexun.com,Female
Emelina,ecasemorecn@bandcamp.com,Female
Alvinia,aedmondsonco@npr.org,Female
Daisy,dmossmancp@cbslocal.com,Female
Syman,szamoranocq@macromedia.com,Male
Rouvin,rfruishcr@cdc.gov,Male
Ashbey,astreetingcs@apache.org,Male
Rey,rlysterct@hugedomains.com,Male
Blinnie,bbollecu@vimeo.com,Female
Archibald,aknappcv@jugem.jp,Male
Lottie,ltheyercw@baidu.com,Female
Edin,educkettcx@amazonaws.com,Female
Oberon,osemenscy@usnews.com,Male
Berkie,bwiltshirecz@facebook.com,Male
Silvanus,sgonsalod0@ox.ac.uk,Male
Arlene,arosencrantzd1@businessweek.com,Female
Dean,dthirtled2@myspace.com,Male
Ranna,rescalad3@guardian.co.uk,Female
Dewey,dpinkardd4@dyndns.org,Male
Babbie,bsavilled5@domainmarket.com,Female
Corney,cpuddend6@goodreads.com,Male
Larine,lfobidged7@comcast.net,Female
Maud,mkestend8@parallels.com,Female
Enos,ethurstand9@icio.us,Male
Bel,bmoxsomda@feedburner.com,Female
Marieann,mpolgreendb@unicef.org,Female
Birdie,bmcveydc@bbb.org,Female
Hedy,hmaccaffertydd@foxnews.com,Female
Calvin,cormede@amazon.de,Male
Lesya,lfailldf@sfgate.com,Female
Crista,cmacgiollapheadairdg@163.com,Female
Libby,llindberghdh@rambler.ru,Female
Jorge,jfahydi@yale.edu,Male
Caprice,cdugandj@umn.edu,Female
Debbie,demanuellidk@scientificamerican.com,Female
Alexina,aquickendendl@studiopress.com,Female
Benjamen,bmccheynedm@php.net,Male
Brier,bpagedn@marketwatch.com,Female
Dorelia,dcoupardo@marriott.com,Female
Padriac,pmessagerdp@weebly.com,Male
Jessy,jskippdq@cdbaby.com,Female
Darill,dredierdr@guardian.co.uk,Male
Kimberlee,ksapautonds@blogtalkradio.com,Genderfluid
Bernardo,bwaynedt@infoseek.co.jp,Male
Stephanus,smacydu@china.com.cn,Male
Guthrie,gspontondv@globo.com,Male
Rhett,rbrattelldw@ask.com,Male
Phoebe,plowingdx@hostgator.com,Female
Braden,bvoyseydy@cdc.gov,Male
Casey,coniondz@altervista.org,Male
Weylin,wnorthbridgee0@cyberchimps.com,Male
Lanni,lbraffertone1@ocn.ne.jp,Female
Nadya,nsantacrolee2@state.gov,Female
Edd,epryddene3@360.cn,Male
Sanson,santoshine4@multiply.com,Male
Eduino,ebrodericke5@wp.com,Male
Guillemette,gteazee6@google.fr,Female
Kari,kvarndalle7@columbia.edu,Female
Darryl,dlouche8@1und1.de,Male
Clayson,ctreblee9@i2i.jp,Male
Shayne,spagettea@dagondesign.com,Female
Frans,fclapsoneb@nps.gov,Male
Mace,malwoodec@reuters.com,Male
Dewain,dsandhamed@phpbb.com,Male
Leonerd,ltattersdillee@over-blog.com,Male
Jeramie,jgoldstonef@instagram.com,Genderqueer
Quentin,qsteelseg@home.pl,Male
Dominik,dgarriteh@homestead.com,Male
Morty,mroomei@xrea.com,Male
Albie,aferrynej@free.fr,Male
Cicely,ctrussloveek@amazon.com,Female
Gianna,gloxtonel@xrea.com,Polygender
Niki,nwithinshawem@forbes.com,Male
Elisha,emarhamen@cam.ac.uk,Female
Jedediah,jdalleyeo@people.com.cn,Male
Dugald,dchingep@vimeo.com,Male
Hester,hfebryeq@livejournal.com,Female
Sascha,ssyrieer@theatlantic.com,Female
Beitris,bstrathernes@hubpages.com,Female
Yvon,yerettet@java.com,Male
Reilly,rvasilmanoveu@freewebs.com,Genderqueer
Rowe,rwatheyev@goodreads.com,Female
Veronike,vduckitew@blogger.com,Female
Shela,scridlonex@irs.gov,Female
Leola,lfuryey@friendfeed.com,Female
Peterus,pwiddupez@yelp.com,Male
Agneta,awillersonf0@twitter.com,Female
Salmon,sbootymanf1@cloudflare.com,Male
Roobbie,rocarmodyf2@oakley.com,Female
Kimberley,kkempsterf3@furl.net,Female
Melody,mgoutf4@tmall.com,Female
Verney,vblankmanf5@fc2.com,Male
Robenia,rharvief6@patch.com,Female
Dicky,dlargef7@hp.com,Male
Bea,bgillicuddyf8@so-net.ne.jp,Female
Donovan,dbilbeyf9@over-blog.com,Male
Marilyn,mbeevorsfa@163.com,Female
Jacquenetta,jtiddyfb@cafepress.com,Female
Kaycee,kwoolfordfc@a8.net,Polygender
Sandro,srubbensfd@hud.gov,Male
Darrick,dmechemfe@bravesites.com,Male
Bastian,bhastlerff@census.gov,Male
Neils,nbroodesfg@plala.or.jp,Male
Kakalina,kdeathfh@cnet.com,Female
Jewelle,jrickassefi@zimbio.com,Polygender
Verena,vattewellfj@ucla.edu,Female
Marjie,mkopmanfk@kickstarter.com,Female
Zebedee,zbarthelmesfl@deviantart.com,Male
Reuben,rlawlandfm@hexun.com,Male
Stephanus,sboswardfn@mayoclinic.com,Male
Isacco,iawcockfo@mlb.com,Male
Isadore,ithandifp@blogs.com,Male
Leoline,lallsepfq@ucoz.ru,Female
Donal,dlembrickfr@merriam-webster.com,Male
Bren,bdavidovskyfs@toplist.cz,Female
Celestina,ccampanyft@clickbank.net,Female
Catriona,cgureryfu@artisteer.com,Female
Helene,hforthfv@scribd.com,Female
Louella,lfratsonfw@pen.io,Female
Alexa,ahalksworthfx@google.com.hk,Female
Alphonso,ahamerfy@state.gov,Male
Stepha,sdaniellotfz@woothemes.com,Female
Courtney,cralphg0@cnn.com,Female
Pate,pchapling1@harvard.edu,Male
Donetta,dgipsong2@networkadvertising.org,Female
Flint,fjalling3@weibo.com,Male
Arden,acurzeyg4@chronoengine.com,Female
Axe,avillaretg5@pcworld.com,Male
Lorant,lmaddockg6@cafepress.com,Male
Lockwood,lscrivensg7@eventbrite.com,Male
Jordan,jfransseng8@ebay.com,Male
Suzanne,spehrssong9@tripadvisor.com,Female
Archibald,afurmingerga@sphinn.com,Male
Sidonia,sgammetgb@ycombinator.com,Female
Renie,rnossentgc@eventbrite.com,Female
Waring,wgrimolbiegd@163.com,Male
Knox,ktoftsge@nps.gov,Male
Hilary,hdorningf@jimdo.com,Female
Ramonda,rpottingergg@cbsnews.com,Female
Rivalee,rhellardgh@spiegel.de,Female
Brandtr,bbenardetgi@theatlantic.com,Male
Jorey,jluckmangj@netscape.com,Female
Minny,mbehrensgk@163.com,Female
Ezechiel,elindsellgl@wikimedia.org,Male
Aveline,abrosigm@mayoclinic.com,Female
Margarita,mleckenbygn@dmoz.org,Non-binary
Briano,bkupecgo@princeton.edu,Male
Lissi,lcamachogp@bigcartel.com,Female
Ignacius,irawdallgq@slate.com,Male
Austen,awishartgr@boston.com,Male
Teirtza,tclibberygs@mapy.cz,Non-binary
Keary,kmajurygt@istockphoto.com,Male
Rhett,rclaytongu@wikispaces.com,Male
Heath,hpitrelligv@hp.com,Male
Rodrick,rnutbeamgw@over-blog.com,Male
Skippy,sgoldsackgx@sohu.com,Male
Shalna,sdaveringy@scientificamerican.com,Female
Mac,mscrowsongz@shutterfly.com,Male
Lorne,lstreeterh0@adobe.com,Male
Stephani,sjessenh1@ted.com,Female
Jania,jstopfordh2@home.pl,Female
Kerk,kbatalleh3@jimdo.com,Male
Agnese,asieveh4@squarespace.com,Female
Dela,dtriceh5@joomla.org,Female
Allsun,agarnsonh6@ezinearticles.com,Female
Junie,jdanniellh7@ftc.gov,Female
Sherman,smattackh8@godaddy.com,Genderfluid
Renato,rsynnoth9@vistaprint.com,Male
Devinne,dprestonha@pinterest.com,Female
Wolfie,wpiwallhb@linkedin.com,Male
Bonnee,btamshc@amazon.co.jp,Non-binary
Dur,dcauderliehd@gizmodo.com,Male
Lezlie,lpritchetthe@cornell.edu,Female
Amalea,averdunhf@jiathis.com,Female
Estelle,erablehg@state.tx.us,Female
Ingaborg,iweddellhh@fda.gov,Non-binary
Vinita,vspykinshi@comcast.net,Female
Bryn,bbullockehj@geocities.com,Male
Antonin,aaizikhk@studiopress.com,Male
Alexina,afyldeshl@51.la,Female
Cleveland,cneeshamhm@indiatimes.com,Male
Isa,imoulinhn@jimdo.com,Male
Eb,ebristoho@w3.org,Male
Pacorro,ptillhp@hatena.ne.jp,Male
Stevena,smaidmenthq@goodreads.com,Female
Bowie,bpilburyhr@webnode.com,Male
Candi,csameshs@omniture.com,Female
Ulrick,ureymersht@biblegateway.com,Male
Upton,uburtenshawhu@foxnews.com,Male
Si,slerganhv@zimbio.com,Bigender
Zenia,zborretthw@comcast.net,Female
Nick,ndavenporthx@sohu.com,Male
Clevey,csmailshy@patch.com,Male
Dionisio,dvillarhz@blogspot.com,Male
Gracie,gkitchensidei0@chicagotribune.com,Female
Cordey,cvanderdaali1@army.mil,Female
Granthem,gphillinsi2@baidu.com,Male
Kalie,kruprechti3@cargocollective.com,Female
Joice,jnewsoni4@google.com.br,Female
Kittie,kcumminei5@house.gov,Female
Milena,mlangstrathi6@zimbio.com,Female
Moss,mklicheri7@bing.com,Male
Lindon,lparcelli8@usgs.gov,Male
Brion,bhickeni9@networkadvertising.org,Non-binary
Luce,lhoyteia@disqus.com,Female
Cecilio,ckeneleysideib@ezinearticles.com,Male
Rockwell,rhoovartic@cyberchimps.com,Male
Olivie,odewingid@apple.com,Female
Cornelius,cdigwoodie@wikispaces.com,Male
Mord,mpertif@blog.com,Male
Samaria,sgrossierig@merriam-webster.com,Female
Patty,pgregorettiih@phpbb.com,Female
Reinwald,rhaconii@usnews.com,Male
Roderic,rpehrssonij@buzzfeed.com,Male
Zorina,zpeaik@theglobeandmail.com,Female
Rey,rclemasil@ox.ac.uk,Male
Darryl,druppertim@canalblog.com,Female
Blythe,bcanasin@eepurl.com,Female
Richard,rkulickeio@feedburner.com,Male
Troy,tosemanip@yellowbook.com,Male
Worth,wesseliniq@foxnews.com,Male
Barn,blestrangeir@cdc.gov,Non-binary
Nananne,nritchieis@usa.gov,Female
Keven,kbenneyworthit@loc.gov,Male
Arlin,aolageneiu@whitehouse.gov,Non-binary
Imojean,ibellefonteiv@scribd.com,Female
Wade,wraineriw@nationalgeographic.com,Male
Flemming,ffergieix@cyberchimps.com,Male
Susanna,sbarszczewskiiy@stanford.edu,Female
Christabella,ccorniz@printfriendly.com,Female
Jose,jharkerj0@home.pl,Male
Bjorn,bjensenj1@foxnews.com,Male
Brockie,bdruganj2@deviantart.com,Male
Lowrance,lbrogiottij3@altervista.org,Male
Justino,jarendtj4@parallels.com,Male
Xena,xaguilarj5@fotki.com,Female
Roxie,rbalaamj6@adobe.com,Female
Hillary,hgrangierj7@opera.com,Female
Fabio,flamasnaj8@imageshack.us,Male
Juditha,jbaggallayj9@artisteer.com,Female
Shalne,sszymonowiczja@bing.com,Female
Sallee,scheleyjb@istockphoto.com,Female
Dyna,dspohrjc@unicef.org,Female
Giavani,glinnejd@ow.ly,Male
Babara,bgrasserje@cloudflare.com,Female
Monique,mbeatyjf@spiegel.de,Female
Dagmar,dgozneyjg@go.com,Female
Kennett,kcasarolijh@unicef.org,Male
Sydney,sdraudeji@imgur.com,Female
Almira,amctaggartjj@marriott.com,Female
Elysha,evelarealjk@desdev.cn,Female
Sheffie,skleiseljl@intel.com,Male
Elle,ecosgryjm@drupal.org,Polygender
Philly,pbarenskijn@umich.edu,Female
Andris,agregorowiczjo@eventbrite.com,Male
Lila,lrichardesjp@goodreads.com,Female
Virginie,vmirfinjq@tiny.cc,Female
Duke,dsidnalljr@about.com,Male
Goran,goveryjs@cdbaby.com,Male
Aharon,amcfaterjt@goo.gl,Male
Peadar,pbasilju@xrea.com,Male
Mal,mdearsleyjv@latimes.com,Male
Zorah,zdowyerjw@amazonaws.com,Female
Warner,wkowaljx@networkadvertising.org,Male
Rusty,rrowantreejy@blogspot.com,Polygender
Daisy,dphytheanjz@squidoo.com,Female
Stephen,sdungatek0@ycombinator.com,Male
Biron,bmackerethk1@java.com,Male
Gabbie,galibonek2@hugedomains.com,Male
Bernette,bcoatsworthk3@goo.gl,Female
Holt,heldink4@go.com,Bigender
Laird,lescreetk5@skyrock.com,Male
Ricki,reverittk6@e-recht24.de,Male
George,gegglestonek7@dedecms.com,Female
Heywood,hmanleyk8@youtube.com,Male
Noach,ndeclerck9@vkontakte.ru,Male
Ferris,fivanyutinka@google.es,Male
Dolley,delvinskb@yahoo.com,Female
Gregoor,ggringleykc@ucsd.edu,Male
Juliana,jthreadkellkd@umn.edu,Female
Pauly,pcripleke@last.fm,Male
Kacy,kgilloolykf@weebly.com,Female
Vittorio,vgrisewoodkg@scribd.com,Agender
Chrotoem,challetkh@cbsnews.com,Male
Gregoire,gvescovoki@posterous.com,Male
Violet,vizchakikj@microsoft.com,Female
Paul,phanrettykk@washingtonpost.com,Male
Georgina,gshoveltonkl@msn.com,Female
Christye,chonniebalkm@comsenz.com,Non-binary
Milton,mnorthgraveskn@acquirethisname.com,Male
Joshuah,jabeauko@oracle.com,Agender
Nolie,nwhacketkp@sphinn.com,Female
Augy,abonifaciokq@umn.edu,Male
Ranique,rshonekr@freewebs.com,Female
Rebbecca,rdelacourks@paginegialle.it,Female
Karol,kbotcherbykt@oracle.com,Female
Jackson,jlibbyku@google.com.br,Male
Lilly,lulyatkv@craigslist.org,Female
Giselbert,gcolcuttkw@nps.gov,Non-binary
Stavros,scarnallkx@imageshack.us,Male
Nalani,nyarnellky@live.com,Female
Hallsy,hpenkkz@unc.edu,Male
Darrell,dpoel0@amazon.de,Male
Halsy,hsteinorl1@instagram.com,Male
Hy,hsalernol2@nytimes.com,Male
Inger,ifraczkiewiczl3@macromedia.com,Female
Maybelle,mwakel4@github.com,Female
Clementius,cgorhardtl5@scribd.com,Male
Ermengarde,ebensusanl6@ihg.com,Female
Ariel,ariddl7@alibaba.com,Male
Garreth,gbilstonl8@nyu.edu,Male
Minne,mbathurstl9@nymag.com,Female
Maitilde,mperuttola@blinklist.com,Female
Jessalin,jvasyaevlb@infoseek.co.jp,Female
Adolph,agombylc@wiley.com,Male
Kristan,kblandld@soundcloud.com,Female
Chick,cgeddisle@mysql.com,Male
Worthy,wjulefflf@bandcamp.com,Male
Genia,gkochellg@is.gd,Female
Cyndi,cdumberelllh@prweb.com,Genderfluid
Helena,hricoaldli@51.la,Non-binary
Annabella,aleyfieldlj@prweb.com,Female
Toiboid,tcarlicklk@blogs.com,Male
Ciel,ckolakowskill@jalbum.net,Female
Lavinie,lcherrisonlm@mozilla.org,Female
Alec,ascroytonln@geocities.jp,Non-binary
Bevon,bcamidgelo@intel.com,Male
Ernest,edodsonlp@howstuffworks.com,Non-binary
Corny,cforkerlq@deviantart.com,Female
Allan,abarringtonlr@slate.com,Male
Opaline,ocharplingls@rakuten.co.jp,Female
Bobina,bhayllerlt@skype.com,Bigender
Floyd,fdebernardilu@webnode.com,Male
Wiley,wfumagalllv@youtu.be,Male
Tiphani,tfroschauerlw@multiply.com,Female
Letti,lcoghlinlx@salon.com,Female
Matilde,mboeterly@tripod.com,Female
Heidie,handinolz@shutterfly.com,Female
Maridel,mheinritzm0@ted.com,Female
Minda,mplettm1@symantec.com,Female
Denys,ddrewittm2@va.gov,Male
Lemmy,lgallicom3@senate.gov,Male
Carlita,cillyesm4@microsoft.com,Female
Brook,bkeyndm5@marriott.com,Male
Aubree,asidarym6@mapy.cz,Female
Sylvan,scleverleym7@woothemes.com,Genderqueer
Ardis,aluscombem8@elegantthemes.com,Female
Perri,poddboym9@theatlantic.com,Female
Welch,wmcgaffeyma@npr.org,Male
Celene,cwigmoremb@ft.com,Female
Rubina,rgornermc@zimbio.com,Female
Raimondo,rdinningtonmd@businessweek.com,Genderfluid
George,gbloxsumme@fda.gov,Male
Ram,rfallamf@sfgate.com,Male
Tedda,traycroftmg@4shared.com,Female
Tammie,tcasserlymh@bbc.co.uk,Female
Axel,aheaneymi@patch.com,Male
Terri,thulancemj@mayoclinic.com,Female
Justinn,jtickelmk@ihg.com,Female
Gordy,gswiggsml@opensource.org,Male
Ailis,aledamunmm@tiny.cc,Female
Roderick,roppymn@ameblo.jp,Male
Simon,sdeldellomo@scientificamerican.com,Male
Antoine,aelpheymp@hibu.com,Male
Gertrudis,glanawaymq@yolasite.com,Female
Roseanna,rkittlemr@sina.com.cn,Female
Alric,atofpikms@miitbeian.gov.cn,Male
Danit,dmeldingmt@google.de,Polygender
Claudio,cpittockmu@geocities.jp,Male
Viviana,vaikettmv@hatena.ne.jp,Female
Frasier,fbremondmw@marketwatch.com,Male
Maddie,mwearmx@tuttocitta.it,Female
Basil,bstrutemy@stanford.edu,Male
Ky,kbountiffmz@webeden.co.uk,Male
Zeb,zstaterfieldn0@t.co,Male
Blondell,bsilliton1@ihg.com,Female
Hattie,hkamenarn2@adobe.com,Female
Gian,gvarnen3@pcworld.com,Male
Sybilla,stilfordn4@marriott.com,Female
Ilario,iyewdalen5@cnet.com,Male
Billie,bwinghamn6@yellowbook.com,Male
Rogerio,rwilsen7@ebay.com,Agender
Giorgi,gheisn8@163.com,Polygender
Hesther,hcesconn9@prweb.com,Female
Olivette,opoldingna@netlog.com,Female
Carlen,cclaessensnb@paginegialle.it,Female
Lindsay,lkarpovnc@dyndns.org,Female
Jamil,jschulkinsnd@multiply.com,Male
Erena,emarnsne@arstechnica.com,Female
Stoddard,sloydnf@goo.ne.jp,Female
Currie,cmcaughtrieng@yahoo.com,Male
Davina,ddockernh@soup.io,Female
Daniel,dconcklinni@unc.edu,Male
Golda,gseamennj@usatoday.com,Female
Aridatha,amacmenamienk@fda.gov,Female
Connor,ceagarnl@eventbrite.com,Male
Eddie,ejecocknm@prnewswire.com,Female
Giorgi,gduquesnaynn@blogtalkradio.com,Male
Lorita,lbigadikeno@google.com.hk,Female
Cornell,cbennisonnp@people.com.cn,Male
Trescha,tscholeynq@yahoo.co.jp,Agender
Horatio,hagiusnr@irs.gov,Agender
Horacio,hdanielins@nih.gov,Male
Ashlen,areglernt@economist.com,Female
Worden,wferandeznu@twitpic.com,Male
Grover,gbackshellnv@sfgate.com,Male
Dita,dknillnw@networksolutions.com,Non-binary
Ainslie,ajenkennx@whitehouse.gov,Female
Cordy,cpauntonny@github.io,Male
Babbette,bmountainnz@webeden.co.uk,Female
Korrie,kyearno0@berkeley.edu,Female
Edward,ehansmano1@indiatimes.com,Male
Kliment,kbirtso2@twitter.com,Male
Powell,phillano3@dot.gov,Male
Chrissy,clothlorieno4@unesco.org,Male
Thomas,tgaskeno5@globo.com,Male
Melonie,mwyborno6@weibo.com,Female
Killie,klevero7@cnet.com,Male
Peder,pdibiagioo8@behance.net,Male
Holmes,hhearthfieldo9@senate.gov,Male
Aldrich,aklosteroa@statcounter.com,Male
Gerty,gcrossfeldob@dion.ne.jp,Female
Vernon,vsylettoc@usnews.com,Male
Glennis,gchesworthod@gizmodo.com,Female
Elyn,edorkinsoe@privacy.gov.au,Female
Anselma,aclemenzaof@people.com.cn,Female
Gilemette,gbowlandog@4shared.com,Genderfluid
Zachary,zjirusekoh@about.com,Agender
Bernadette,bkleehuhleroi@goo.ne.jp,Female
Jon,jsumneroj@github.io,Male
Issiah,ijarvieok@typepad.com,Male
Broderic,brossantol@apache.org,Male
Tomi,tyashanovom@reference.com,Female
Pablo,pilyinykhon@cisco.com,Male
Tiffie,tswadonoo@gravatar.com,Female
Vi,vpallisterop@youtu.be,Female
Ardath,amcevonoq@prweb.com,Female
Gail,gdiruggieroor@chicagotribune.com,Female
Willie,wmedhurstos@dot.gov,Male
Adolphe,apimerot@hhs.gov,Male
Lindsy,lstockleou@virginia.edu,Genderfluid
Suzy,ssearchov@hostgator.com,Female
Gregory,gparmenterow@dailymail.co.uk,Male
Ludovika,lwinsburyox@reuters.com,Female
Renato,rconnechyoy@omniture.com,Genderfluid
Kin,kcarderoz@booking.com,Male
Saree,syanshinp0@auda.org.au,Female
Ronnica,rcaterp1@ucsd.edu,Non-binary
Standford,spetrup2@mtv.com,Male
Sarine,swestfieldp3@cyberchimps.com,Female
Alonso,amattiuzzip4@usnews.com,Male
Theresa,tkolakp5@jugem.jp,Female
Luca,lcoathp6@wikipedia.org,Male
Ibbie,ipickerinp7@ucoz.com,Genderfluid
Sheffield,sadamip8@chronoengine.com,Male
Libby,lsparkep9@w3.org,Female
Kariotta,ktideypa@ycombinator.com,Female
Corette,csmalespb@jigsy.com,Female
Hollyanne,hjoiscepc@scribd.com,Female
Jacky,jwallespd@github.com,Female
Nobe,njuraszpe@cmu.edu,Male
Vivyan,vhaywoodpf@forbes.com,Female
Heall,hfittonpg@devhub.com,Male
Rosemarie,rionescoph@fastcompany.com,Female
Bogey,bgrassickpi@npr.org,Male
Raine,rbarwickpj@nymag.com,Female
Wylma,wjerochpk@theguardian.com,Female
Angus,ablatherwickpl@infoseek.co.jp,Male
Ulises,ureolfipm@census.gov,Genderqueer
Barron,bmiddellpn@oaic.gov.au,Male
Delores,dbaalhampo@hatena.ne.jp,Female
Isak,istanfordpp@umich.edu,Male
Yves,yblaineypq@independent.co.uk,Male
Robby,rdamppr@tamu.edu,Non-binary
Philly,ppetrushankops@dell.com,Female
Jennica,jrainypt@google.com,Female
Nollie,nnesterovpu@cyberchimps.com,Male
Ardenia,amanghampv@flavors.me,Female
Evy,ecockshotpw@virginia.edu,Female
Tanner,thurrenpx@themeforest.net,Male
Dorie,djurczykpy@delicious.com,Male
Halie,hholbypz@dion.ne.jp,Female
Amitie,agrimditchq0@independent.co.uk,Female
Adlai,ayoungmanq1@ebay.co.uk,Male
King,khubeauxq2@gmpg.org,Male
Gabriellia,ggorlerq3@constantcontact.com,Female
Agosto,amattinq4@amazon.co.jp,Male
Juline,jparsellq5@dropbox.com,Female
Felike,fswindellsq6@bbc.co.uk,Male
Reese,rjanningsq7@msn.com,Male
Rayner,rmckendryq8@zimbio.com,Male
Artus,ajeaffersonq9@craigslist.org,Genderqueer
Modestia,mjaukovicqa@google.pl,Female
Maddie,mkannqb@patch.com,Female
Miriam,messexqc@printfriendly.com,Female
Ulrica,ukennedyqd@blog.com,Female
Rube,rleavesleyqe@homestead.com,Male
Ferris,fvertyqf@cam.ac.uk,Male
Stacy,shaveqg@biblegateway.com,Female
Melesa,mmatisqh@typepad.com,Female
Markus,mduxburyqi@scribd.com,Male
Giustina,gcordeiroqj@ucoz.com,Female
Carmella,cdelosqk@omniture.com,Agender
Cassandra,cetienneql@bloglovin.com,Female
Lin,lzumbuschqm@devhub.com,Male
Evania,egawnqn@geocities.jp,Female
Karlotta,kdehailesqo@ihg.com,Female
Vaclav,vkimblenqp@github.io,Male
Adorne,adorrellqq@wordpress.com,Female
Domenic,dgrafomqr@state.gov,Male
Brody,bsaffleqs@hexun.com,Non-binary
Catlee,cgherarducciqt@shinystat.com,Female
Kyrstin,krowntreequ@bloglovin.com,Female
Inger,igallehockqv@slideshare.net,Male
Casie,cdollqw@github.io,Female
Isabelita,imostinqx@craigslist.org,Female
Gwenneth,gpleaceqy@networkadvertising.org,Female
Vail,vhousamqz@networkadvertising.org,Male
Leonidas,lmeltonr0@w3.org,Male
Corrie,cmaherr1@myspace.com,Female
Elisabeth,ebloomanr2@europa.eu,Bigender
Dory,dcainr3@sitemeter.com,Female
Allie,abrumenr4@marketwatch.com,Male
Ciel,ccrispr5@so-net.ne.jp,Female
Crissy,cgainsboroughr6@dot.gov,Female
Keeley,knewensr7@latimes.com,Female
Lorettalorna,ltingleyr8@topsy.com,Female
Anthiathia,amelpussr9@whitehouse.gov,Female
Lari,lfowlsra@state.gov,Female
Kelsy,klinckrb@salon.com,Female
Worthington,wtackellrc@cam.ac.uk,Male
Donella,dlegionrd@apple.com,Female
Lindi,lchetwindre@unicef.org,Female
Galina,gcollcuttrf@posterous.com,Female
Lucius,lblakeboroughrg@linkedin.com,Male
Antoine,acadmanrh@whitehouse.gov,Male
Harald,hbrackenri@blogtalkradio.com,Male
Fredi,fscaliarj@theguardian.com,Female
Yancey,ybeechenork@csmonitor.com,Male
Matelda,mpittsonrl@alexa.com,Female
Melita,mwalakrm@sohu.com,Female
Kaitlynn,knisiusrn@nhs.uk,Female
Charleen,cheintzro@ask.com,Female
Bobby,bascraftrp@phoca.cz,Male
Roderich,rgallemorerq@spotify.com,Male
Norbie,nsingletonrr@sfgate.com,Male
